{"metadata":{"asset_id":"86cc08ea-4c9f-41a1-aa45-eac809ceb0f3","asset_attributes":["wml_model"],"name":"Breast Cancer Risk Prediction System - P3 LGBMClassifierEstimator","asset_type":"wml_model","created_at":"2020-10-08T08:53:57Z","description":"","origin_country":"us","owner_id":"IBMid-55000959FG","project_id":"e1d6e044-74d9-4cc0-843c-23e60551ebd8","sandbox_id":"e1d6e044-74d9-4cc0-843c-23e60551ebd8","size":64385,"tags":[],"usage":{"last_update_time":1602147241873,"last_updated_at":"2020-10-08T08:54:01Z"}},"entity":{"wml_model":{"hybrid_pipeline_software_specs":[{"base_id":"d139f196-e04b-5d8b-9140-9a10ca1fa91a","name":"autoai-kb_3.0-py3.6"}],"pipeline":{"id":"71e2249b-6b74-4cc1-8cd1-896550899b4d"},"ml_version":"4.0.1","type":"wml-hybrid_0.1","schemas":{"input":[{"fields":[{"name":"id","type":"integer"},{"name":"radius_mean","type":"double"},{"name":"texture_mean","type":"double"},{"name":"perimeter_mean","type":"double"},{"name":"area_mean","type":"double"},{"name":"smoothness_mean","type":"double"},{"name":"compactness_mean","type":"double"},{"name":"concavity_mean","type":"double"},{"name":"concave points_mean","type":"double"},{"name":"symmetry_mean","type":"double"},{"name":"fractal_dimension_mean","type":"double"},{"name":"radius_se","type":"double"},{"name":"texture_se","type":"double"},{"name":"perimeter_se","type":"double"},{"name":"area_se","type":"double"},{"name":"smoothness_se","type":"double"},{"name":"compactness_se","type":"double"},{"name":"concavity_se","type":"double"},{"name":"concave points_se","type":"double"},{"name":"symmetry_se","type":"double"},{"name":"fractal_dimension_se","type":"double"},{"name":"radius_worst","type":"double"},{"name":"texture_worst","type":"double"},{"name":"perimeter_worst","type":"double"},{"name":"area_worst","type":"double"},{"name":"smoothness_worst","type":"double"},{"name":"compactness_worst","type":"double"},{"name":"concavity_worst","type":"double"},{"name":"concave points_worst","type":"double"},{"name":"symmetry_worst","type":"double"},{"name":"fractal_dimension_worst","type":"double"},{"name":"Unnamed: 32","type":"double"}],"id":"auto_ai_kb_input_schema"}],"output":[]},"content_location":{"connection":{"access_key_id":"3b28f1b187104d5e98d97f07b6fcc043","endpoint_url":"https://s3.eu-geo.objectstorage.softlayer.net","secret_access_key":"a32a364913df13d1ea52a6624816c1b49d81048d3e94c34a","accessKeyId":"3b28f1b187104d5e98d97f07b6fcc043"},"contents":[{"content_format":"pipeline-node","file_name":"P3_automl.zip","location":"auto_ml/323b744c-a7ee-4b64-abc2-c3e3d51076cf/wml_data/e3434765-4e6d-4f68-9f05-3f02462ec887/assets/e3434765-4e6d-4f68-9f05-3f02462ec887_P3_cognito_output/resources/wml_model/P3_automl.zip","pipeline_node_id":"automl"},{"content_format":"native","file_name":"pipeline_model.json","location":"auto_ml/323b744c-a7ee-4b64-abc2-c3e3d51076cf/wml_data/e3434765-4e6d-4f68-9f05-3f02462ec887/assets/e3434765-4e6d-4f68-9f05-3f02462ec887_P3_cognito_output/resources/wml_model/pipeline_model.json"}],"location":{"path":"auto_ml/323b744c-a7ee-4b64-abc2-c3e3d51076cf/wml_data","training":"auto_ml/323b744c-a7ee-4b64-abc2-c3e3d51076cf/wml_data/e3434765-4e6d-4f68-9f05-3f02462ec887","training_status":"auto_ml/323b744c-a7ee-4b64-abc2-c3e3d51076cf/wml_data/e3434765-4e6d-4f68-9f05-3f02462ec887/training-status.json","bucket":"breastbreastcancerriskpredictions-donotdelete-pr-64yptbiernqufc","type":"s3","assets_path":"auto_ml/323b744c-a7ee-4b64-abc2-c3e3d51076cf/wml_data/e3434765-4e6d-4f68-9f05-3f02462ec887/assets"},"type":"s3"},"training_data_references":[{"connection":{"endpoint_url":"https://s3.eu-geo.objectstorage.softlayer.net","auth_endpoint":"https://iam.bluemix.net/oidc/token/","api_key":"oubb83Jp3hpbxeRcGwGDB_ADCXB-KT_6gH-TxB70KKnj","secret_access_key":"a32a364913df13d1ea52a6624816c1b49d81048d3e94c34a","access_key_id":"3b28f1b187104d5e98d97f07b6fcc043","service_instance_id":"iam-ServiceId-acc69b65-02c9-4ff2-bf87-b3fe0f12b184"},"location":{"bucket":"breastbreastcancerriskpredictions-donotdelete-pr-64yptbiernqufc","path":"data.csv","type":"s3"},"type":"s3"}],"software_spec":{"base_id":"8c1a58c6-62b5-4dc4-987a-df751c2756b6","name":"hybrid_0.1"},"content_import_state":"completed"}},"attachments":[{"id":"1af5c342-e56b-4d53-a2da-d298fda5b61c","version":2,"asset_type":"wml_model","name":"P3_automl.zip","datasource_type":"193a97c1-4475-4a19-b90c-295c4fdc6517","creator_id":"IBMid-55000959FG","create_time":1602147238515,"size":62877,"is_remote":false,"is_managed":true,"is_referenced":false,"is_object_key_read_only":false,"is_user_provided_path_key":false,"transfer_complete":true,"is_partitioned":false,"complete_time_ticks":1602147239947,"user_data":{"content_format":"pipeline-node","pipeline_node_id":"automl"},"test_doc":0,"handle":{"bucket":"breastbreastcancerriskpredictions-donotdelete-pr-64yptbiernqufc","location":"eu-geo","type":"bluemix_cos","key":"ae2bfc7a-a25e-4d3d-a3e9-d1b1e6445994/86cc08ea-4c9f-41a1-aa45-eac809ceb0f3/1af5c342-e56b-4d53-a2da-d298fda5b61c","upload_id":"done","max_part_num":1},"usage":{"access_count":0,"last_accessor_id":"IBMid-55000959FG","last_access_time":1602147238515}},{"id":"8c99c658-55aa-47e8-86b0-f62c9e0f5693","version":2,"asset_type":"wml_model","name":"pipeline_model.json","datasource_type":"193a97c1-4475-4a19-b90c-295c4fdc6517","creator_id":"IBMid-55000959FG","create_time":1602147240684,"size":1508,"is_remote":false,"is_managed":true,"is_referenced":false,"is_object_key_read_only":false,"is_user_provided_path_key":false,"transfer_complete":true,"is_partitioned":false,"complete_time_ticks":1602147241608,"user_data":{"content_format":"native"},"test_doc":0,"handle":{"bucket":"breastbreastcancerriskpredictions-donotdelete-pr-64yptbiernqufc","location":"eu-geo","type":"bluemix_cos","key":"ae2bfc7a-a25e-4d3d-a3e9-d1b1e6445994/86cc08ea-4c9f-41a1-aa45-eac809ceb0f3/8c99c658-55aa-47e8-86b0-f62c9e0f5693","upload_id":"done","max_part_num":1},"usage":{"access_count":0,"last_accessor_id":"IBMid-55000959FG","last_access_time":1602147240684}}]}
